page_BiÉg	letter	date	URL BiEg	lieu	auteur	destinataire	places	person	objet	expression	group
1	1	1828-05-03	https://gallica.bnf.fr/ark:/12148/bpt6k55516z/f24	Gémialé	Drovetti	Champollion	Égypte, Londres, Empire ottoman	Mohammed-Aly			
2	1	1828-05-03	https://gallica.bnf.fr/ark:/12148/bpt6k55516z/f25	Gémialé	Drovetti	Champollion		Rosselini			
2	2	1828-05-26	https://gallica.bnf.fr/ark:/12148/bpt6k55516z/f25	Paris	Champollion	Gazzera	Louvre, Égypte				
3	2	1828-05-26	https://gallica.bnf.fr/ark:/12148/bpt6k55516z/f26	Paris	Champollion	Gazzera	Toulon, Égypte, Europe, Turin, Alexandrie, Thèbes	Dieu, Prophète, Costa			
4	2	1828-05-26	https://gallica.bnf.fr/ark:/12148/bpt6k55516z/f27	Paris	Champollion	Gazzera	Académie royale toscane, Musée égyptien de Florence	Plana, Boucheron, Pauli, Peyron, Letronne, Balbe, Sclopis			
4	3	1828-06-11	https://gallica.bnf.fr/ark:/12148/bpt6k55516z/f27	Paris	Champollion	Grand-duc de Toscane	Égypte				
5	3	1828-06-11	https://gallica.bnf.fr/ark:/12148/bpt6k55516z/f28	Paris	Champollion	Grand-duc de Toscane	Égypte, Méditerranée, Orient, Nubie	ministre de la marine de France, Mohammed-Aly			
5	4	1828-07-09	https://gallica.bnf.fr/ark:/12148/bpt6k55516z/f28	Paris	Champollion	Gazzera	Toulon	Costa			
6	4	1828-07-09	https://gallica.bnf.fr/ark:/12148/bpt6k55516z/f29	Paris	Champollion	Gazzera	Égypte	Plana, Peyron, Boucheron, Pauli, Sclopis			
6	5	1828-07-10	https://gallica.bnf.fr/ark:/12148/bpt6k55516z/f29	Paris	Champollion	Thévenet	Europe, Grenoble, Toulon, Alexandrie	Églé			
7	5	1828-07-10	https://gallica.bnf.fr/ark:/12148/bpt6k55516z/f30	Paris	Champollion	Thévenet	Lyon, Aix, Afrique, Artaud, musée de Lyon, palais de Saint-Pierre				
7	diary	1828-08-16	https://gallica.bnf.fr/ark:/12148/bpt6k55516z/f30	Paris	Champollion						
7	diary	1828-08-17	https://gallica.bnf.fr/ark:/12148/bpt6k55516z/f30	Auxerre	Champollion		Auxerre				
7	diary	1828-08-17	https://gallica.bnf.fr/ark:/12148/bpt6k55516z/f30	Avallon	Champollion		Avallon	duc de Luynes			
7	diary	1828-08-17	https://gallica.bnf.fr/ark:/12148/bpt6k55516z/f30	Autun	Champollion		Autun				
7	diary	1828-07-18	https://gallica.bnf.fr/ark:/12148/bpt6k55516z/f30	Chalon	Champollion		Chalon				
7	diary	1828-07-18	https://gallica.bnf.fr/ark:/12148/bpt6k55516z/f30	Mâcon	Champollion		Mâcon				
7	diary	1828-07-18	https://gallica.bnf.fr/ark:/12148/bpt6k55516z/f30	Lyon	Champollion		musée de Lyon	Artaud			
8	diary	1828-07-18	https://gallica.bnf.fr/ark:/12148/bpt6k55516z/f31	Lyon	Champollion						
8	diary	1828-07-19	https://gallica.bnf.fr/ark:/12148/bpt6k55516z/f31	Lyon	Champollion			Révoil			
8	diary	1828-07-20	https://gallica.bnf.fr/ark:/12148/bpt6k55516z/f31	Lyon	Champollion		Marseille	Bougy			
8	diary	1828-07-21	https://gallica.bnf.fr/ark:/12148/bpt6k55516z/f31	Tain-l’Hermitage	Champollion		Tain-l’Hermitage				
8	diary	1828-07-21	https://gallica.bnf.fr/ark:/12148/bpt6k55516z/f31	Valence	Champollion		Valence				
8	diary	1828-07-21	https://gallica.bnf.fr/ark:/12148/bpt6k55516z/f31	Montélimar	Champollion		Montélimar				
8	diary	1828-07-21	https://gallica.bnf.fr/ark:/12148/bpt6k55516z/f31	Avignon	Champollion		Avignon	Thévenet			
8	diary	1828-07-22	https://gallica.bnf.fr/ark:/12148/bpt6k55516z/f31	Aix	Champollion		Aix	Sallier, Thévenet			
8	diary	1828-07-23	https://gallica.bnf.fr/ark:/12148/bpt6k55516z/f31	Aix	Champollion			Sallier, Turcasse, Amenemdjom, Sésostris, Ptolémée Denys			
8	diary	1828-07-24	https://gallica.bnf.fr/ark:/12148/bpt6k55516z/f31	Aix	Champollion						
8	diary	1828-07-24	https://gallica.bnf.fr/ark:/12148/bpt6k55516z/f31	Toulon	Champollion		Toulon				
8	diary	1828-07-25	https://gallica.bnf.fr/ark:/12148/bpt6k55516z/f31	Toulon	Champollion		Paris	amiral Jacob, Églé, Cosmao Dumanoir			
9	diary	1828-07-26	https://gallica.bnf.fr/ark:/12148/bpt6k55516z/f32	Toulon	Champollion		Toulon				
9	diary	1828-07-27	https://gallica.bnf.fr/ark:/12148/bpt6k55516z/f32	Toulon	Champollion			Lenormand			
9	diary	1828-07-28	https://gallica.bnf.fr/ark:/12148/bpt6k55516z/f32	Toulon	Champollion			Duchesne, Lhôte, Bertin, Lehoux, Ricci, Raddi, Angelelli, Gaetano Rosellini, Galastri, Églé, Girgenti			
9	diary	1828-07-30	https://gallica.bnf.fr/ark:/12148/bpt6k55516z/f32	Toulon	Champollion			Fontenoi			
9	diary	1828-07-31	https://gallica.bnf.fr/ark:/12148/bpt6k55516z/f32	Toulon	Champollion			Églé			
9	6	1828-07-18	https://gallica.bnf.fr/ark:/12148/bpt6k55516z/f32	Lyon	Champollion	Champollion-Figeac	Toulon, Afrique, musée de Lyon, Lyon	Artaud, Gaetano Rosellini, dieu Nil			
10	6	1828-07-18	https://gallica.bnf.fr/ark:/12148/bpt6k55516z/f33	Lyon	Champollion	Champollion-Figeac	Aix	Artaud, Sallier, Cherubini, Gaetano Rosellini	Panthéon (publication), 		
10	7	1828-07-23	https://gallica.bnf.fr/ark:/12148/bpt6k55516z/f33	Aix	Cherubini	Champollion-Figeac		Sallier, Sésostris, Champollion le Jeune, Dioclétien			
11	8	1828-07-25	https://gallica.bnf.fr/ark:/12148/bpt6k55516z/f34	Toulon	Champollion le Jeune	Champollion-Figeac	Provence, Aix, Toulon	Sallier, Amenhemdjom (Psammis) fils d’Osortasen, Rhamsès-Sésostris, 	pap Sallier (?)		Iouni, Iavani, Ioniens, jwnw
12	8	1828-07-25	https://gallica.bnf.fr/ark:/12148/bpt6k55516z/f35	Toulon	Champollion le Jeune	Champollion-Figeac	Thèbes, Aix, Toscane	Artaud, Paôni, Rhamsès le Grand, Sallier		[déterminatifs T14-N25]	Lyciens, Éthiopiens, Arabes, ⲗⲩⲕⲁ, ⲗⲩⲕⲓ
13	8	1828-07-29	https://gallica.bnf.fr/ark:/12148/bpt6k55516z/f36	Toulon	Champollion le Jeune	Champollion-Figeac	Europe, France, Alexandrie, Égypte	Neptune, Léon de Laborde, Églé, Cosmao Dumanoir			
14	8	1828-07-29	https://gallica.bnf.fr/ark:/12148/bpt6k55516z/f37	Toulon	Champollion le Jeune	Champollion-Figeac	Piémont, Sardaigne, Marseille, Gênes, Provence, Alpes, France, Italie	roi de Sardaigne, Cherubini, Duchesne, Bertin			Parisiens, Toscans
15	8	1828-07-30	https://gallica.bnf.fr/ark:/12148/bpt6k55516z/f38	Toulon	Champollion le Jeune	Champollion-Figeac	Toulon, Sicile, Agrigente, Égypte	Laborde			
15	8	1828-08-03	https://gallica.bnf.fr/ark:/12148/bpt6k55516z/f38	Méditerranée	Champollion le Jeune		Sicile				
16	8	1828-08-03	https://gallica.bnf.fr/ark:/12148/bpt6k55516z/f39	Méditerranée	Champollion le Jeune		Sardaigne, Agrigente	Éole, Neptune, Cosmao Dumanoir, Gaetano Rosellini, Raddi, Bibent		Nuraghes	
16	8	1828-08-04	https://gallica.bnf.fr/ark:/12148/bpt6k55516z/f39	Méditerranée	Champollion le Jeune		Sardaigne, Afrique, Maritimo, Sicile				
16	8	1828-08-05	https://gallica.bnf.fr/ark:/12148/bpt6k55516z/f39	Méditerranée	Champollion le Jeune		Maritimo, Favignana, Levanzo, Trapani				
17	8	1828-08-05	https://gallica.bnf.fr/ark:/12148/bpt6k55516z/f40	Méditerranée	Champollion le Jeune		Sicile, mont Éryx, Marsalla, Lilybée		Énéide		
17	8	1828-08-06	https://gallica.bnf.fr/ark:/12148/bpt6k55516z/f40	Méditerranée	Champollion le Jeune		Sélinonte, Agrigente, Gênes, Marseille, Palerme, France, Toulon	Gaetano Rosellini, Tantale			
18	8	1828-08-07	https://gallica.bnf.fr/ark:/12148/bpt6k55516z/f41	Méditerranée	Champollion le Jeune		Malte, Agrigente	Dacier, Gretz			
18	diary	1828-08-18	https://gallica.bnf.fr/ark:/12148/bpt6k55516z/f41	Alexandrie	Champollion le Jeune		Afrique, Taposiris, Taphosiris, Abousir				
19	diary	1828-08-18	https://gallica.bnf.fr/ark:/12148/bpt6k55516z/f42	Alexandrie	Champollion le Jeune		colonne de Pompée, Alexandrie, Le Caire	 Ibrahim-Pacha, Boghoz		Divan	
20	diary	1828-08-18	https://gallica.bnf.fr/ark:/12148/bpt6k55516z/f43	Alexandrie	Champollion le Jeune		Navarin, Morée, Syrie, Égypte, Alexandrie	Cardin, Églé, Drovetti, Anastazy (d'), Codrington, Pacha, Ibrahim-Pacha		réis	
21	diary	1828-08-18	https://gallica.bnf.fr/ark:/12148/bpt6k55516z/f44	Alexandrie	Champollion le Jeune		 Toscane, Perse, Égypte, Alexandrie, Le Caire, Europe	Cosmao Dumanoir, Rosetti, Moustapha			
22	diary	1828-08-18	https://gallica.bnf.fr/ark:/12148/bpt6k55516z/f45	Alexandrie	Champollion le Jeune		Livourne, Alexandrie, Europe, Toscane	Rosetti, Pietro Santoni		Nizam-Gédid	Égyptiens, Barabras, Nègres, Abyssins, Franc
23	diary	1828-08-18	https://gallica.bnf.fr/ark:/12148/bpt6k55516z/f46	Alexandrie	Champollion le Jeune		Morée, Delta, Alexandrie, Égypte, Porte, France	Rosetti, Drovetti, Lenormand, Églé, Pacha, Mohammed-Aly, Sultan		okel	Francs, Turcs
24	diary	1828-08-19	https://gallica.bnf.fr/ark:/12148/bpt6k55516z/f47	Alexandrie	Champollion le Jeune		Paris, Toscane, Afrique, Nil, Canope, Larnaka	Méchain, Rosetti, Drovetti, Églé	Chypriotes		
24	diary	1828-08-20	https://gallica.bnf.fr/ark:/12148/bpt6k55516z/f47	Alexandrie	Champollion le Jeune		Héliopolis	Kléber			
25	diary	1828-08-20	https://gallica.bnf.fr/ark:/12148/bpt6k55516z/f48	Alexandrie	Champollion le Jeune		Égypte, France, Suède, Alexandrie, Russie, Porte, aiguilles de Cléopâtre, Masallat-firaôun	Anastazy (d'), Pacha, Boghoz, Drovetti, Méchain, Bernardino Drovetti, Lavison, Nicolas Ier, Cardin, Cléopâtre		okel	Francs, Arménien, Arabes, Marseillais
26	diary	1828-08-20	https://gallica.bnf.fr/ark:/12148/bpt6k55516z/f49	Alexandrie	Champollion le Jeune		Alexandrie, cap Lochias, Égypte				Européens, Arabes,  Alexandrins
27	diary	1828-08-20	https://gallica.bnf.fr/ark:/12148/bpt6k55516z/f50	Alexandrie	Champollion le Jeune		France, Alexandrie, Rome, Héliopolis, Égypte	Thoutmosis III, Hérodote, Rhamsès le Grand			Égyptiens, Arabes
28	diary	1828-08-20	https://gallica.bnf.fr/ark:/12148/bpt6k55516z/f51	Alexandrie	Champollion le Jeune		aiguilles de Cléopâtre, colonne de Pompée, Alexandrie	Rhamsès VII Phéron, Pompée, Cléopâtre			Francs
28	9	1828-08-22	https://gallica.bnf.fr/ark:/12148/bpt6k55516z/f51	Alexandrie	Champollion le Jeune	Champollion-Figeac	Livourne, Europe, Égypte	Églé			
29	9	1828-08-22	https://gallica.bnf.fr/ark:/12148/bpt6k55516z/f52	Alexandrie	Champollion le Jeune	Champollion-Figeac	Nil, Mahhmoudiéh, Morée, France, obélisques de Cléopâtre, colonne de Pompée	Pacha, Drovetti, Ibrahim-Pacha, Mohammed-Aly, Champollion-Figeac, Jomard, Cléopâtre, Dioclétien			
30	9	1828-08-23	https://gallica.bnf.fr/ark:/12148/bpt6k55516z/f53	Alexandrie	Champollion le Jeune	Champollion-Figeac	Agrigente, Sicile, Palerme, France, Marseille, Malte, Gozzo, Cumono, La Valette, Cyrénaïque, cap Rasat, Afrique, Taposiris, Égypte	Salvador Montuoro			
31	10	1828-08-23	https://gallica.bnf.fr/ark:/12148/bpt6k55516z/f54	Alexandrie	Champollion le Jeune	Champollion-Figeac	colonne de Pompée, Port-Vieux, Alexandrie, Navarin, Morée	Pacha, Ibrahim-Pacha, Codrington, Drovetti			Égyptiens
32	10	1828-08-23	https://gallica.bnf.fr/ark:/12148/bpt6k55516z/f55	Alexandrie	Champollion le Jeune	Champollion-Figeac	Méditerranée, Londres, Alexandrie, France	Malcolm, Rigny (de), Drovetti, Pacha, Ibrahim-Pacha, Gaetano Rosellini, Bibent, Ricci			
33	10	1828-08-23	https://gallica.bnf.fr/ark:/12148/bpt6k55516z/f56	Alexandrie	Champollion le Jeune	Champollion-Figeac	Alexandrie, France, Héliopolis, obélisques de Cléopâtre	Kléber, Drovetti, Pacha		Nizam-Gédid	
34	10	1828-08-23	https://gallica.bnf.fr/ark:/12148/bpt6k55516z/f57	Alexandrie	Champollion le Jeune	Champollion-Figeac	obélisques de Cléopâtre, Moeris (lac), colonne de Pompée, Héliopolis	Drovetti, Psammétichus II, Thoutmosis III, Rhamsès VI, Sésostris, Rhamsès VII, Sésostris II		moka	Francs
35	10	1828-08-23	https://gallica.bnf.fr/ark:/12148/bpt6k55516z/f60	Alexandrie	Champollion le Jeune	Champollion-Figeac		Bibent			
35	11	1828-08-24	https://gallica.bnf.fr/ark:/12148/bpt6k55516z/f60	Alexandrie	Champollion le Jeune	Champollion-Figeac	Constantinople, Phare	Pacha, Drovetti, Lenormand, Mohammed-Aly		Divan	
36	11	1828-08-24	https://gallica.bnf.fr/ark:/12148/bpt6k55516z/f61	Alexandrie	Champollion le Jeune	Champollion-Figeac	Sardaigne, Grèce, Égypte, Le Caire, Haute-Égypte, Alexandrie, Larnaka, Suède, Chypre, Patras	Drovetti, Mechin, Ahmed-Pacha, Jomard, Anastazy (d’), Rosetti, Acerbi, Son Altesse, le Pacha, Pedemonte		firman, tchaous	Grecs
37	11	1828-08-24	https://gallica.bnf.fr/ark:/12148/bpt6k55516z/f62	Alexandrie	Champollion le Jeune	Champollion-Figeac	Turin, Alexandrie	Pietrino Santoni, Lenormant			
37	12	1828-08-25	https://gallica.bnf.fr/ark:/12148/bpt6k55516z/f62	Alexandrie	Champollion le Jeune	Champollion-Figeac	Cherbourg	Poupel, Églé, Louis-Théodore Poupel, Augustin Poupel			
38	13	1828-08-26	https://gallica.bnf.fr/ark:/12148/bpt6k55516z/f63	Alexandrie	Ippolito Rosellini	Champollion-Figeac	Égypte, Morée, Alexandrie, Le Caire, Méditerranée	Pariset, Anastazy (d’), Saghir, Pacha		bey	
39	13	1828-08-26	https://gallica.bnf.fr/ark:/12148/bpt6k55516z/f64	Alexandrie	Ippolito Rosellini	Champollion-Figeac		Caviglia, Sésostris, Champollion le Jeune			
39	14	1828-08-29	https://gallica.bnf.fr/ark:/12148/bpt6k55516z/f64	Alexandrie	Champollion le Jeune	Champollion-Figeac	Égypte, Morée, Toulon, Paris	Ibrahim-Pacha, Pacha, Trident, Hussard			
40	14	1828-08-29	https://gallica.bnf.fr/ark:/12148/bpt6k55516z/f65	Alexandrie	Champollion le Jeune	Champollion-Figeac	Philippopoli, Andrinople, Constantinople, Paris, Toulon, Égypte, Morée, Porte, Péloponnèse, Navarin	Mohammed-Aly, Sultan Mahmoud, Saint-Léger (de), Nisus, Gros, le Pacha, Ibrahim-Pacha			
41	14	1828-08-29	https://gallica.bnf.fr/ark:/12148/bpt6k55516z/f66	Alexandrie	Champollion le Jeune	Champollion-Figeac	Le Caire, Delta, Égypte, Paris, Toulon, Alexandrie, Haute-Égypte, Basse-Égypte, Nil	Amon, Drovetti, Pacha, Mohammed-Aly, Drovetti, Nisus			Francs, Fransâouis
42	14	1828-08-29	https://gallica.bnf.fr/ark:/12148/bpt6k55516z/f67	Alexandrie	Champollion le Jeune	Champollion-Figeac	colonne de Pompée, Nil, Alexandrie, Basse-Égypte	Pacha, Bibent, Commission d’Égypte, Drovetti, Férussac, Dubois			
42	15	1828-09-10	https://gallica.bnf.fr/ark:/12148/bpt6k55516z/f67	Alexandrie	Champollion le Jeune	Champollion-Figeac		Églé, Cosmao Dumanoir			
43	15	1828-09-10	https://gallica.bnf.fr/ark:/12148/bpt6k55516z/f68	Alexandrie	Champollion le Jeune	Champollion-Figeac	Toulon, Égypte, Paris, Orient, Morée, Porte	Férussac, Pacha, Drovetti			Francs
44	15	1828-09-10	https://gallica.bnf.fr/ark:/12148/bpt6k55516z/f69	Alexandrie	Champollion le Jeune	Champollion-Figeac	Paris, France, Porte, Gémialé, Grèce, Roumélie, Égypte	Mohammed-Aly, Ibrahim, général Maison, Sapience, Drovetti, Boghoz, Pacha			Français, Égyptiens, Russes, Turcs
45	15	1828-09-10	https://gallica.bnf.fr/ark:/12148/bpt6k55516z/f70	Alexandrie	Champollion le Jeune	Champollion-Figeac	Égypte, Musée du Roi, Alexandrie	Drovetti, Anastazy (d'), Belzoni, Passalacqua, Laborde, Rifaud, Pacha, Boghoz		firman	
46	15	1828-09-10	https://gallica.bnf.fr/ark:/12148/bpt6k55516z/f71	Alexandrie	Champollion le Jeune	Champollion-Figeac	Le Caire				
46	16	1828-09-13	https://gallica.bnf.fr/ark:/12148/bpt6k55516z/f71	Alexandrie	Champollion le Jeune	Champollion-Figeac	Le Caire, Nil, Alexandrie, Libye, Mahhmoudiéh, Nubie	sultan Mahmoud, Coste, Masi, Pacha, Mohamed-Aly			
47	16	1828-09-13	https://gallica.bnf.fr/ark:/12148/bpt6k55516z/f72	Alexandrie	Champollion le Jeune	Champollion-Figeac	désert Libyque, Alexandrie, Le Caire, Kerioun, Chereus, Ssa-el-Hagar, Saïs, Siouph, Saouafé, Χερεῦ	Ricci, Duchesne, Bibent, Lhôte, Gaetano Rosellini, Soliman, Mohammed-Aly, Isis (bateau), Raddi, Athyr, Psammétichus, Apriès, Amasis, Platon, Angelelli		mâasch, dahabiéh	
48	16	1828-09-13	https://gallica.bnf.fr/ark:/12148/bpt6k55516z/f73	Alexandrie	Champollion le Jeune	Champollion-Figeac	Le Caire, Brésil, France	Pariset, Pacha, Ibrahim (Pacha)		mâasch	
48	expedition covenant	1828-09-13	https://gallica.bnf.fr/ark:/12148/bpt6k55516z/f73	Alexandrie				Champollion le Jeune, Hippolyte Rossellini, Lenormant			
49	expedition covenant	1828-09-13	https://gallica.bnf.fr/ark:/12148/bpt6k55516z/f74	Alexandrie				Isis (bateau), Athyr, Ricci, Angelelli, Bibent, Cherubini, Gaetano Rosellini, Lhôte, Bertin, Duchesne, Lehoux, Raddi			
50	expedition covenant	1828-09-13	https://gallica.bnf.fr/ark:/12148/bpt6k55516z/f75	Alexandrie				Athyr, Raddi, Ricci, Bibent, Duchesne, Gaetano Rosellini, Cherubini			
50	diary	1828-09-14	https://gallica.bnf.fr/ark:/12148/bpt6k55516z/f75	Alexandrie	Champollion le Jeune		Alexandrie	Anastazy (d'), Méchain, Rosetti, Lavison			
51	diary	1828-09-14	https://gallica.bnf.fr/ark:/12148/bpt6k55516z/f76	Alexandrie	Champollion le Jeune		Le Caire, France, Toscane, Autriche, Mahhmoudiéh	Giuseppe Acerbi, Isis (bateau), Athyr, Soliman, Moustapha, Mohammed-Aly, Tod		okel, mâasch	
52	diary	1828-09-14	https://gallica.bnf.fr/ark:/12148/bpt6k55516z/f77	Alexandrie	Champollion le Jeune		Alexandrie, Le Caire, Atféh, Atféh, lac d’Edkou, Mâadiéh, lac Maréotis, Aboukir, El-Kérioun	le Pacha, Ibrahim Pacha, Moharrem-Bey, Athyr, Bibent, Duchesne, Bertin, Isis (bateau), Raddi			
53	diary	1828-09-15	https://gallica.bnf.fr/ark:/12148/bpt6k55516z/f78	El-Kérioun	Champollion le Jeune		سناباده, Nil, Mahhmoudiéh, Delta, Sendioun, Fouah, Senabadéh, Kafr-cherkaouy,  Hollande	Lenormand,Isis (bateau), Athyr, Rosselini, Lenormand			Commission d’Égypte
54	diary	1828-09-15	https://gallica.bnf.fr/ark:/12148/bpt6k55516z/f79	Fouah	Champollion le Jeune		Fouah, Schôraféh, Sorenbaiéh, Delta, Kébrith, Gobaris, Sâlmiéh, Louïéh, Mêhallet-Malèg, Koum-Schabbas, Kafr-Schaikh-Hassan, فوه, سرنباى, شرافه, قبريظ, سالميه, لويه, محلّت ملج, كوم شبّاس, كفر شايخ حسن, ⲙⲉⲗⲁϫ, ϫⲁⲡⲁⲥⲉⲛ	Athyr		mâasch	Commission d’Égypte
55	diary	1828-09-15	https://gallica.bnf.fr/ark:/12148/bpt6k55516z/f80	Fouah	Champollion le Jeune		Soumoukhrat, Naucratis, Ναυκρατίς, صُموُكّرات, كورات, صُموخرات	Apis, Menévis, Oenouphi, Toussoun-Pacha, Mohammed-Aly		ϣⲟⲛϯ, ϣⲟⲛⲧⲉ, ϣⲟⲛⲧ, ϣⲟⲛⲧⲉ, نخل, سنط	
56	diary	1828-09-15	https://gallica.bnf.fr/ark:/12148/bpt6k55516z/f81	Fouah	Champollion le Jeune		Désouk, Nil, Angleterre, Méhallet-abou-Aly, Miniet-Sâlaméh, Rahhmaniéh, El-Ssafé, Σιούφ, دسوق, محلّت ابو على, منيه سلامه, الصافه, المنيه جناج, جناج	Salt, Athyr, Hérodote, Amasis, Ouaphré			
56	diary	1828-09-16	https://gallica.bnf.fr/ark:/12148/bpt6k55516z/f81	El-Méniéh-Ghénagh	Champollion le Jeune		Désouk, El-Méniéh-Ghénagh, El-Méniéh, Schâm, جنان, شام, كفر دوار, محلّة صا, صا الخحّار				Commission d’Égypte
57	diary	1828-09-16	https://gallica.bnf.fr/ark:/12148/bpt6k55516z/f82	El-Méniéh-Ghénagh	Champollion le Jeune		Syrie, Ssa el-Haghar, Saïs, Delta, Méniéh-Ghénagh, Kafr-Daouar, Méhallet-Ssa, Ghénagh	Gaetano Rosellini, Ricci			Commission d’Égypte
58	diary	1828-09-16	https://gallica.bnf.fr/ark:/12148/bpt6k55516z/f83	Ssa el-Haghar	Champollion le Jeune		Ssa-el-Haghar, Alexandrie, Saïs, Thèbes	Néchao, Psammétichus, Mohammed, Khalil, Isis (bateau)			
59	diary	1828-09-16	https://gallica.bnf.fr/ark:/12148/bpt6k55516z/f88	Ssa el-Haghar	Champollion le Jeune		Sakkara, El-Méniéh-Ghénagh	Pariset			
60	diary	1828-09-16	https://gallica.bnf.fr/ark:/12148/bpt6k55516z/f89	Ssa el-Haghar	Champollion le Jeune			Méhémed (=Mohammed ?), Néith			
61	diary	1828-09-16	https://gallica.bnf.fr/ark:/12148/bpt6k55516z/f90	Ssa el-Haghar	Champollion le Jeune		Saïs, Ssa-el-Haghar			Memnonium	
62	diary	1828-09-16	https://gallica.bnf.fr/ark:/12148/bpt6k55516z/f91	Ssa el-Haghar	Champollion le Jeune		Thèbes, Saïs, Memnonium	Hérodote, Ouaphrê, Apriès, Néith, Minerve, Amasis, Lenormand, Rosetti	sarco de Rosetti à Saïs		
63	diary	1828-09-16	https://gallica.bnf.fr/ark:/12148/bpt6k55516z/f92	Ssa el-Haghar	Champollion le Jeune			Apriès, Amasis, Neith			Memnonium
64	diary	1828-09-16	https://gallica.bnf.fr/ark:/12148/bpt6k55516z/f93	Ssa el-Haghar	Champollion le Jeune		Musée impérial de Vienne, Saïs, Athènes, Ssa-el-Haghar	Niebuhr, Khalil, Gaetano Rosellini, Psammétichus II, Rosetti			Hiéron, ⲙⲟⲩⲗⲁϫ
65	diary	1828-09-16	https://gallica.bnf.fr/ark:/12148/bpt6k55516z/f94	Ssa el-Haghar	Champollion le Jeune		Nekhléh, Gouddabé, Etbié, نخله, غودابي				
65	diary	1828-09-17	https://gallica.bnf.fr/ark:/12148/bpt6k55516z/f94	El-Dhahariéh	Champollion le Jeune		El-Dhahariéh, Haute-Égypte, Schénisséh, Mit-Chahaléh, Benoufar, Kafr-Zaïât, Nil, الضاهريه, , شنيسه, ميت شهاله, بنوفار, كفرزيات			ⲙⲁⲣⲏⲥ, Maris, Marisi, nḏm, مريسي	
66	diary	1828-09-17	https://gallica.bnf.fr/ark:/12148/bpt6k55516z/f95	Kafr-Zaïât	Champollion le Jeune		Schabour, Kafr-Zaïât, Zaïât, Abiar, Thanth, ϩⲁϩϣⲏⲓ, ⲧⲁⲛⲧⲁⲑⲟ, ابيار, طنط, شبور	Sid-Ahmed-el-Bedaouï		Régab	
67	diary	1828-09-17	https://gallica.bnf.fr/ark:/12148/bpt6k55516z/f96	Kafr-Zaïât	Champollion le Jeune		El-Zaïrah, Thanoub, Amrous, Bischtâmé, Komm-Schérik, Zaouïet-el-Baglé, Nil, الزعيلة, زاوية البغلى	Pariset		mâasch	
67	diary	1828-09-18	https://gallica.bnf.fr/ark:/12148/bpt6k55516z/f96	Zaouïet-el-Baglé	Champollion le Jeune		Danassour, Sersena, Ibschadé, Prosopis, Aboulkhaous, Libye, Alkam, Nader, Attariéh, دنسّور, سرسنى, ابشادى, علقام, نادر, ⲯⲁⲣⲥⲓⲛⲉ, ⲡϣⲁϯ, ⲗⲁⲕⲁⲛ			mâasch, alméh	Commission d’Égypte
68	diary	1828-09-18	https://gallica.bnf.fr/ark:/12148/bpt6k55516z/f97	Zaouïet-el-Baglé	Champollion le Jeune		Dimischili, Delta, Schebschir, Éléthya, Ghêzaïeh, Therranêh, Zaouïet-Rézin, دميشلى, شبشير, جزايه,طرّانه, زاويه رزن, ϯⲙⲓϣⲗⲏ, ⲧⲉⲣⲉⲛⲟⲩⲧⲉ, ⲑⲉⲣⲉⲛⲟⲩϯ	Ahmed-el-Raschidi, bouc Mendès, Ricci, Lenormand, Gaetano Rosellini		mâasch, ⲡⲓ-ϩⲟⲥⲙ	
69	diary	1828-09-18	https://gallica.bnf.fr/ark:/12148/bpt6k55516z/f98	Zaouïet-el-Baglé	Champollion le Jeune		Zaouïet-Rézin	le Pacha, Héron		fellah	
70	diary	1828-09-18	https://gallica.bnf.fr/ark:/12148/bpt6k55516z/f99	Zaouïet-el-Baglé	Champollion le Jeune		ϭⲙⲟⲩⲙ, Delta, Aschmoûn, Pyramides, Nil, Zaouïet-Rézin, Abou-Nechabêh, Libye, Mit-Sâlaméh, Ouardân, Létopolis, ابو نشابه, ميت سلامه, واردان, اشمون	Pariset, Horus, Typhon, Latone		mâasch	
71	diary	1828-09-19	https://gallica.bnf.fr/ark:/12148/bpt6k55516z/f100	Ouardân	Champollion le Jeune		ϭⲙⲟⲩⲙ, Pyramides, Nil, Aschmoûn, El-Qâthah, Meniet-el-Arous, Bathn-el-Baqarah, Delta, Rosette, Damiette, Le Caire, Schoraféh, Moqattam, القطاه, منيل الهروس, بطن البقره, مجار دّمياط			mâasch, bakschisch	
72	diary	1828-09-19	https://gallica.bnf.fr/ark:/12148/bpt6k55516z/f101	Schoraféh	Champollion le Jeune		Thannasch, Schobra-el-Khimiéh, Le Caire, Nil, Embadéh, Pyramides, طنّاش, شبرى الحيمه, امبابه	le Pacha, Allah, Mercure, Jupiter, Alcmène, Ahmed-el-Masri, Isis (bateau)		mâasch	
73	diary	1828-09-19	https://gallica.bnf.fr/ark:/12148/bpt6k55516z/f102	Boulaq	Champollion le Jeune		Le Caire, Boulaq, Nil, بولاق 	Ricci,Ismaïl-Pacha, Joussouf Msarra, Derché	Louvre D9	mâasch, dahabiéh	
73	diary	1828-09-20	https://gallica.bnf.fr/ark:/12148/bpt6k55516z/f102	Boulaq	Champollion le Jeune		Le Caire	Mahhmoud-Bey, Rhamsès-Meïamoun		mâasch	
74	diary	1828-09-20	https://gallica.bnf.fr/ark:/12148/bpt6k55516z/f103	Boulaq	Champollion le Jeune		Le Caire, Alexandrie, Boulaq, Afrique, Thèbes, Moqattam, El-Ezbékiéh	Moëz (calife), Mohammed-Bey, le Pacha, Pacho			Commission d’Égypte
75	diary	1828-09-20	https://gallica.bnf.fr/ark:/12148/bpt6k55516z/f104	Le Caire	Champollion le Jeune		Ezbékiéh, Le Caire	le Prophète, Dieu, alméh		مولد النّبي, Mouled-en-naby	
76	diary	1828-09-20	https://gallica.bnf.fr/ark:/12148/bpt6k55516z/f105	Le Caire	Champollion le Jeune		Le Caire, Bagdad, Paris, Londres, Ezbékiéh	Mounier, Mme Rosetti, Macardle			
77	diary	1828-09-20	https://gallica.bnf.fr/ark:/12148/bpt6k55516z/f106	Le Caire	Champollion le Jeune			Dieu, Mahomet		لا اله الاّ الّه, مهمّد رسول الّه	
78	diary	1828-09-20	https://gallica.bnf.fr/ark:/12148/bpt6k55516z/f107	Le Caire	Champollion le Jeune		Égypte	Botzari, le Pacha, Dieu		alméh	
78	diary	1828-09-21	https://gallica.bnf.fr/ark:/12148/bpt6k55516z/f107	Le Caire	Champollion le Jeune			Linant, Bankes			
79	diary	1828-09-21	https://gallica.bnf.fr/ark:/12148/bpt6k55516z/f108	Le Caire	Champollion le Jeune		Tarse, Égypte, Navarino, Le Caire, Thouloun (mosquée), Sultan-Hassan (mosquée), El-Azhar (mosquée)	Linant, Berthier, Omar			
79	17	1828-09-27	https://gallica.bnf.fr/ark:/12148/bpt6k55516z/f108	Le Caire	Champollion le Jeune	Champollion-Figeac	Alexandrie, France, Mahhmoudiéh, Alexandrie, Nil, lac Maréotis, lac d’Edkou, Delta				
80	17	1828-09-27	https://gallica.bnf.fr/ark:/12148/bpt6k55516z/f109	Le Caire	Champollion le Jeune	Champollion-Figeac	Fouah, Désouk, Ssa-el-Hagar, Saïs, Basse-Égypte	Salt			
81	17	1828-09-27	https://gallica.bnf.fr/ark:/12148/bpt6k55516z/f110	Le Caire	Champollion le Jeune	Champollion-Figeac	Saïs, Thèbes, Nil 	Dubois, Charles Dupin, Hérodote, Apriès, Amasis, Néith			
82	17	1828-09-27	https://gallica.bnf.fr/ark:/12148/bpt6k55516z/f111	Le Caire	Champollion le Jeune	Champollion-Figeac	Saïs, Athènes, Basse-Égypte, Ssa-el-Hagar, Schabour, Nader	Néith, Minerve, Psammétichus II, Rosetti		alméh	
83	17	1828-09-27	https://gallica.bnf.fr/ark:/12148/bpt6k55516z/f112	Le Caire	Champollion le Jeune	Champollion-Figeac	Tharranéh, Mit-Sâlaméh, Delta, Aschmoûm, Pyramides, Bathn-el-Bakarah, Rosette, Damiette, Nil, Schoraféh, Héliopolis, Moqattam, Le Caire,	Allah		bakschisch	
84	17	1828-09-27	https://gallica.bnf.fr/ark:/12148/bpt6k55516z/f113	Le Caire	Champollion le Jeune	Champollion-Figeac	Embabéh, Pyramides, Boulaq, Le Caire, Alexandrie, Ezbékiéh	le Prophète, Allah, Dieu			
85	17	1828-09-27	https://gallica.bnf.fr/ark:/12148/bpt6k55516z/f114	Le Caire	Champollion le Jeune	Champollion-Figeac	Le Caire, Paris, Tartare, Thouloun (mosquée)				
86	17	1828-09-27	https://gallica.bnf.fr/ark:/12148/bpt6k55516z/f115	Le Caire	Champollion le Jeune	Champollion-Figeac	Égypte, Le Caire, Memphis	Mohammed, Habibi-Effendi, le Pacha, Psammétichus II, Apriès, Amasis			
87	17	1828-09-27	https://gallica.bnf.fr/ark:/12148/bpt6k55516z/f116	Le Caire	Champollion le Jeune	Champollion-Figeac	Boulaq, Nil, Sakkara	Saladin, le Pacha, Nectanèbe, Mohammed Bey			
88	17	1828-09-27	https://gallica.bnf.fr/ark:/12148/bpt6k55516z/f117	Le Caire	Champollion le Jeune	Champollion-Figeac	Égypte, Memphis, Le Caire, Mit-Rahinéh, Sakkara, Dahschour, Memphis, Gizéh, Thèbes, Abydos, Dendéra, Europe, Paris	le Pacha, lord Prudhoe, Burton, major Félix, Férussac, Derché			
89	17	1828-09-27	https://gallica.bnf.fr/ark:/12148/bpt6k55516z/f118	Le Caire	Champollion le Jeune	Champollion-Figeac	Égypte	Dacier, Dacier fils, Férussac, Mme de Férussac, Dubois		alméh	
89	diary	1828-09-30	https://gallica.bnf.fr/ark:/12148/bpt6k55516z/f118	Le Caire	Champollion le Jeune						
90	diary	1828-09-30	https://gallica.bnf.fr/ark:/12148/bpt6k55516z/f119	Le Caire	Champollion le Jeune		Haute-Égypte, Pétra, Sarbout-el-Qadim, Naga, Barkal, Nubie, Éthiopie	Thrk, le Pacha, Ricci, Linant, Tharaca, Amonasô, Aménophis-Memnon			
91	diary	1828-09-30	https://gallica.bnf.fr/ark:/12148/bpt6k55516z/f120	Le Caire	Champollion le Jeune		Éthiopie,  Dongola, Le Caire, Boulaq, Naga	Linant, Thoutmosis IV			
91	diary	1828-10-01	https://gallica.bnf.fr/ark:/12148/bpt6k55516z/f120	Boulaq	Champollion le Jeune		جيزه, دير التّين, Vieux-Caire, Gizéh, Déir-et-tin, Moqattam, Babylone, Raoudha, Mequias	Sésostris, Isis (bateau), le Pacha, Athyr		mâasch, kavas	
92	diary	1828-10-01	https://gallica.bnf.fr/ark:/12148/bpt6k55516z/f121	Déir-et-tin	Champollion le Jeune		Thorrah, Memphis, Sakkara, Massarah, طورّه	Athyr			
92	diary	1828-10-02	https://gallica.bnf.fr/ark:/12148/bpt6k55516z/f121	Thorrah	Champollion le Jeune		Nil				
93	diary	1828-10-02	https://gallica.bnf.fr/ark:/12148/bpt6k55516z/f122	Thorrah	Champollion le Jeune			Acoris, Soter Ier, Auguste			
94	diary	1828-10-02	https://gallica.bnf.fr/ark:/12148/bpt6k55516z/f123	Thorrah	Champollion le Jeune		Memphis	Ahmosis, Ahmos-Nofré-Atari, Aménôthph Ier, Phtha, Atmou			
95	diary	1828-10-02	https://gallica.bnf.fr/ark:/12148/bpt6k55516z/f124	Thorrah	Champollion le Jeune		Memphis	Ahmosis, Phtha, Apis, Amenhemôph, Ahmos-Nofré-Atari			
96	diary	1828-10-02	https://gallica.bnf.fr/ark:/12148/bpt6k55516z/f125	Thorrah	Champollion le Jeune		Thorrah, Massarah, حبل طرّاه 	Hathor, Thoth, Sébi, Thymsébi, Psammétichus Ier			
97	diary	1828-10-02	https://gallica.bnf.fr/ark:/12148/bpt6k55516z/f126	Thorrah	Champollion le Jeune		Thorrah, Massarah, Memphis, Fosthath, Le Caire	Amon-Ra, Mouthoër, Khons, Hacor, Acoris, Ahmosis, Psammétichus Ier, Auguste, Linant, Newman			
98	diary	1828-10-02	https://gallica.bnf.fr/ark:/12148/bpt6k55516z/f127	Thorrah	Champollion le Jeune		Massarah, Le Caire, Bédréschéïn, بدرشين 	Acoris		mâasch	
98	diary	1828-10-03	https://gallica.bnf.fr/ark:/12148/bpt6k55516z/f127	Bédréschéïn	Champollion le Jeune		مت راهينه, Sakkara, Nil, Memphis, Mit-Rahinéh	Joseph Msarra, Pétisi, Caviglia, Pꜣ-dỉ-Ꜣs.t		ỉmy-rꜣ mšꜥ.w	
99	diary	1828-10-03	https://gallica.bnf.fr/ark:/12148/bpt6k55516z/f130	Mit-Rahinéh	Champollion le Jeune		Toscane	Rhamsès le Grand		claft, pschent	
100	diary	1828-10-03	https://gallica.bnf.fr/ark:/12148/bpt6k55516z/f131	Mit-Rahinéh	Champollion le Jeune		Memphis	Rhamsès le Grand, Phtha, Amenmai-Rhamsès, Horus		ⲥⲧⲛⲥⲓ, sꜣ nsw, uraeus	
