entry	language	normalised form	type	coordinates	Note	Geonames	Trismegistos
Abiar	arabe francisé	Ibiar	place	30.83844, 30.86376 		https://www.geonames.org/361886	
Abou-Nechabêh	arabe francisé	Abou Nichabah	place	30.37087, 30.8561 		https://www.geonames.org/362302	
Aboukir	arabe francisé	Aboukir	place	31.31104, 30.06121 		https://www.geonames.org/362288	https://www.trismegistos.org/place/1001
Aboulkhaous	arabe francisé	Abou al-Khaouy	place	30.59413, 30.80712 	identification incertaine.	https://www.geonames.org/362887	
Abousir	arabe francisé	Abousir	place	30.94545, 29.51891 		https://www.geonames.org/9781955	https://www.trismegistos.org/place/2260
Abydos	français	Abydos	place	26.18627, 31.91606 		https://www.geonames.org/11495800	https://www.trismegistos.org/place/34
Afrique	français	Afrique	place	7.1881, 21.09375 		https://www.geonames.org/6255146	
Agrigente	français	Agrigente	place	37.31065, 13.57661 		https://www.geonames.org/2525764	https://www.trismegistos.org/place/22270
aiguille de Cléopâtre	français		place	31.20098, 29.89939 		https://www.geonames.org/9094660	
Aix	français	Aix-en-Provence	place	43.5283, 5.44973 		https://www.geonames.org/3038354	https://www.trismegistos.org/place/20500
Alexandrie	français	Alexandrie	place	31.20176, 29.91582 		https://www.geonames.org/361058	https://www.trismegistos.org/place/100
Alkam	arabe francisé	Alqam	place	30.55162, 30.81112 		https://www.geonames.org/360619	
Alpes	français	Alpes	place	46.41667, 10 		https://www.geonames.org/2661786	
Amrous	arabe francisé	Amrous	place	30.66467, 30.80507 		https://www.geonames.org/360407	
Andrinople	français	Andrinople	place	41.67719, 26.55597 		https://www.geonames.org/747712	https://www.trismegistos.org/place/38353
Angleterre	français	Angleterre	place	52.16045, -0.70312 		https://www.geonames.org/6269131	https://www.trismegistos.org/place/19851
Aschmoûm	arabe francisé	Achmoun	place	30.29735, 30.97641 		https://www.geonames.org/360048	https://www.trismegistos.org/place/3716
Atféh	arabe francisé	Al-Atf	place	31.18987, 30.51991 		https://www.geonames.org/361519	
Athènes	français	Athènes	place	37.98376, 23.72784 		https://www.geonames.org/264371	https://www.trismegistos.org/place/364
Attariéh	arabe francisé		place		non identifié.		
Autriche	français	Autriche	place	47.33333, 13.33333 		https://www.geonames.org/2782113	https://www.trismegistos.org/place/3292
Autun	français	Autun	place	46.95104, 4.29869 		https://www.geonames.org/3035883	https://www.trismegistos.org/place/3265
Auxerre	français	Auxerre	place	47.7975, 3.56694 		https://www.geonames.org/6455325	https://www.trismegistos.org/place/23636
Avallon	français	Avallon	place	47.49, 3.90833 		https://www.geonames.org/6451826	https://www.trismegistos.org/place/23642
Avignon	français	Avignon	place	43.94861, 4.80833 		https://www.geonames.org/6455379	https://www.trismegistos.org/place/20832
Babylone	français	Babylone d’Égypte	place	30.00665, 31.23194 		https://www.geonames.org/7923022	https://www.trismegistos.org/place/389
Bagdad	français	Bagdad	place	33.34058, 44.40088 		https://www.geonames.org/98182	https://www.trismegistos.org/place/47862
Barkal	arabe francisé	Gebel Barkal	place	18.53333, 31.83333 		https://www.geonames.org/377655	https://www.trismegistos.org/place/3453
Basse-Égypte	français	Basse-Égypte	place	31,31		https://www.geonames.org/352260	https://www.trismegistos.org/place/2712
Bathn-el-Bakarah	arabe francisé	Bathn-el-Baqarah	place		non identifié.		
Bathn-el-Baqarah	arabe francisé	Bathn-el-Baqarah	place		non identifié.		
Bédréschéïn	arabe francisé	Badrachayn	place	29.85, 31.26667 		https://www.geonames.org/361473	
Benoufar	arabe francisé	Binoufar	place	30.82961, 30.78521 		https://www.geonames.org/358802	
Bischtâmé	arabe francisé	Bichtamy	place	30.64029, 30.80269 		https://www.geonames.org/358744	
Boulaq	arabe francisé	Boulaq	place	30.06041, 31.23147 		https://www.geonames.org/358683	
Brésil	français	Brésil	place	-10, -55 		https://www.geonames.org/3469034	
Canope	français	Aboukir	place	31.31104, 30.06121 		https://www.geonames.org/362288	https://www.trismegistos.org/place/1001
cap Lochias	français	Lochias (cap)	place	31.2114995,29.9053838			
cap Rasat			place		non identifié avec précision ; point le plus septentrional de la Libye.		
Chalon	français	Chalon-sur-Saône	place	46.78112, 4.85372 		https://www.geonames.org/3027484	https://www.trismegistos.org/place/22924
Cherbourg	français	Cherbourg	place	49.6386, -1.6147 		https://www.geonames.org/6614508	https://www.trismegistos.org/place/23828
Chereus	Latin (?)	Kerioun	place		non identifié.		
Chypre	français	Chypre	place	35.00304, 32.98791 		https://www.geonames.org/146670	https://www.trismegistos.org/place/528
colonne de Pompée	français		place	31.18259, 29.89643 		https://www.geonames.org/9111405	
Constantinople	français	Constantinople	place	41.01384, 28.94966 		https://www.geonames.org/745044	https://www.trismegistos.org/place/478
Cumino		Comino	place	36.01226, 14.33669 		http://www.geonames.org/2562820	
Cyrénaïque	français	Cyrénaïque	place	31, 22.5 		http://www.geonames.org/88252	https://www.trismegistos.org/place/529
Dahschour	arabe francisé	Dahchour	place	29.8, 31.23333 		https://www.geonames.org/352403	https://www.trismegistos.org/place/2751
Damiette	français	Damiette	place	31.41648, 31.81332 		https://www.geonames.org/358048	https://www.trismegistos.org/place/3054
Danassour	arabe francisé	Danassour	place	30.60707, 30.81904 		https://www.geonames.org/358427	
Déir-et-tin	arabe francisé	Deir at-Tin	place	29.98333, 31.23333 		https://www.geonames.org/358277	
Delta	français	Delta	place	30.85, 31.2 		https://www.geonames.org/351037	https://www.trismegistos.org/place/2712
Dendéra	arabe francisé		place	26.16874, 32.65719 		https://www.geonames.org/358422	https://www.trismegistos.org/place/2312
désert Libyque	français	désert Libyque	place	23.56469, 26.15585 		https://www.geonames.org/353306	
Désouk	arabe francisé	Dasouq	place	31.13259, 30.64784 		https://www.geonames.org/358108	
Dimischili	arabe francisé	Dimichli	place	30.52257, 30.83356 		https://www.geonames.org/358157	
Dongola	arabe francisé		place	19.18163, 30.47689 		https://www.geonames.org/363417	https://www.trismegistos.org/place/5080
Égypte	français	Égypte	place	27,30.0		https://www.geonames.org/357994	https://www.trismegistos.org/place/49
El-Azhar (mosquée)	arabe francisé		place	30.04559, 31.2627 		https://www.geonames.org/7913965	
El-Dhahariéh	arabe francisé	Ad-Dahariyyah	place	30.85159, 30.76699 		https://www.geonames.org/361860	
El-Ezbêkiéh	arabe francisé	Ezbekiyah	place	30.052778, 31.248333 			
El-Ezbêkiéh	arabe francisé	Ezbekiyah	place	30.052778, 31.248333 			
El-Kérioun	arabe francisé	El-Karioun	place	31.14093, 30.19081 		https://www.geonames.org/360962	https://www.trismegistos.org/place/3216
El-Méniéh	arabe francisé	Minyat Ganag	place	31.01424, 30.73501 		https://www.geonames.org/352337	
El-Méniéh-Ghénagh	arabe francisé	Minyat Ganag	place	31.01424, 30.73501 		https://www.geonames.org/352337	
El-Qâthah	arabe francisé	El-Qata	place	30.22232, 30.97225 		https://www.geonames.org/360571	
El-Ssafé	arabe francisé	As-Safiyyah	place	31.06584, 30.72774 		https://www.geonames.org/359897	
El-Zaïrah	arabe francisé	Az-Zaylah	place		non identifié.		
Éléthya		El-Kab	place	25.11952, 32.79812 		https://www.geonames.org/360986	https://www.trismegistos.org/place/611
Embabéh	arabe francisé	Imbabah	place	30.08333, 31.21667 		https://www.geonames.org/355548	
Empire ottoman	français	Empire ottoman	place	41,29			
Etbié	arabe francisé		place		non identifié.		
Éthiopie	français	Éthiopie	place	9, 39.5 		https://www.geonames.org/337996	https://www.trismegistos.org/place/51
Europe	français	Europe	place	48.69096, 9.14062 		http://www.geonames.org/6255148	https://www.trismegistos.org/place/3229
Ezbékiéh	arabe francisé	Ezbekiyah	place	30.052778, 31.248333 			
Favignana	italien	Favignana	place	37.93333, 12.31667 		https://www.geonames.org/2524779	https://www.trismegistos.org/place/42873
Fosthath	arabe francisé	Fustat	place	30.00286, 31.24061 		https://www.geonames.org/7913023	https://www.trismegistos.org/place/389
Fouah	arabe francisé	Fouah	place	31.20365, 30.54908 		https://www.geonames.org/356806	https://www.trismegistos.org/place/3648
France	français	France	place	46,2		https://www.geonames.org/3017382	https://www.trismegistos.org/place/693
Gémialé			place		non identifié.		
Gênes	français	Gênes	place	44.40478, 8.94439 		http://www.geonames.org/3176219	https://www.trismegistos.org/place/14373
Ghénagh	arabe francisé	Ganag	place	30.99904, 30.77679 		https://www.geonames.org/355189	
Ghêzaïeh	arabe francisé	Gizay	place	30.46293, 30.84773 		https://www.geonames.org/355015	
Girgenti	italien	Agrigente	place	37.31065, 13.57661 		https://www.geonames.org/2525764	
Gizéh	arabe francisé	Gizah	place	30.00944, 31.20861 		https://www.geonames.org/360995	https://www.trismegistos.org/place/716
Gobaris		Qabrit	place	31.20211, 30.58573 	forme donnée par la Commission d’Égypte.	https://www.geonames.org/350849	
Gouddabé	arabe francisé	Ghouddaby (?)	place		non identifié.		
Gouddabé	arabe francisé	Ghouddaby (?)	place		non identifié.		
Gozzo			place	36.04944, 14.25 		https://www.geonames.org/2563049	
Grèce	français	Grèce	place	39,22		https://www.geonames.org/390903	https://www.trismegistos.org/place/762
Grenoble	français	Grenoble	place	45.17869, 5.71479 		https://www.geonames.org/3014728	https://www.trismegistos.org/place/20909
Haute-Égypte	français	Haute-Égypte	place	26,32		https://www.geonames.org/359888	https://www.trismegistos.org/place/2766
Héliopolis	français	Héliopolis	place	30.10882, 31.37924 		https://www.geonames.org/352262	https://www.trismegistos.org/place/761
Hollande	français		place	52.25, 5.75 		https://www.geonames.org/2750405	
Ibschadé	arabe francisé	Ibchady	place	30.62419, 30.83777 		https://www.geonames.org/355654	
Italie	français	Italie	place	42.83333, 12.83333 		https://www.geonames.org/3175395	https://www.trismegistos.org/place/932
K.-Scheikh-Haceïn	arabe francisé	Kafr Chaykh Hassan	place	31.1571, 30.61201 	forme donnée par la Commission d’Égypte.	https://www.geonames.org/354486	
Kafr-cherkaouy	arabe francisé		place		ce village est mentionné par la Commission d’Égypte mais Champollion indique ne pas l’avoir vu.		
Kafr-Daouar	arabe francisé	Kafr ad-Daouar	place	31.00172, 30.75797 		https://www.geonames.org/354776	
Kafr-Schaikh-Hassan	arabe francisé	Kafr Chaykh Hassan	place	31.1571, 30.61201 		https://www.geonames.org/354486	
Kafr-Zaïât	arabe francisé	Kafr az-Zayat	place	30.8248, 30.81805 		https://www.geonames.org/354365	
Kébrith	arabe francisé	Qabrit	place	31.20211, 30.58573 		https://www.geonames.org/350849	
Kerioun	arabe francisé	Keriun	place		non identifié.		
Komm-Schérik	arabe francisé		place	30.65347, 30.7881 		https://www.geonames.org/353807	
Koum-Schabbas	arabe francisé	Kom Chabbas	place	31.19621, 30.65359 		https://www.geonames.org/349474	
La Valette	français	La Valette	place	35.89968, 14.5148 		http://www.geonames.org/2562305	
lac d’Edkou	arabe francisé	Edkou (lac)	place	31.24857, 30.2158 		https://www.geonames.org/355627	https://www.trismegistos.org/place/11451
Larnaka			place	34.90388, 33.62153 		https://www.geonames.org/10346885	
Le Caire	français	Le Caire	place	30.06263, 31.24967 		https://www.geonames.org/360630	https://www.trismegistos.org/place/2740
Létopolis	français	Ouardan	place	30.12303, 31.13571 		https://www.geonames.org/359576	https://www.trismegistos.org/place/1245
Levanzo	italien	Levanzo	place	38, 12.33333 		https://www.geonames.org/2524396	https://www.trismegistos.org/place/22307
Libye	français	Libye	place	28,17		https://www.geonames.org/2215636	https://www.trismegistos.org/place/1252
Lilybée	grec francisé	Marsala	place	37.7992, 12.4367 		https://www.geonames.org/2524245	
Livourne	français	Livourne	place	43.54427, 10.32615 		https://www.geonames.org/3174659	https://www.trismegistos.org/place/45380
Londres	français	Londres	place	51.50853, -0.12574 		https://www.geonames.org/2643743	https://www.trismegistos.org/place/11298
Louïéh	arabe francisé	Al-Lawiyyah	place	31.1695, 30.59856 		https://www.geonames.org/357852	
Louvre	français	Louvre	place	48.86102, 2.33587 		https://www.geonames.org/2997319	
Lyon	français	Lyon	place	45.75889, 4.84139 		https://www.geonames.org/6454573	https://www.trismegistos.org/place/3272
Mâadiéh	arabe francisé	Edkou (lac)	place	31.24857, 30.2158 		https://www.geonames.org/355627	
Mâcon	français	Mâcon	place	46.31407, 4.82823 		https://www.geonames.org/2996882	https://www.trismegistos.org/place/23675
Mahhmoudiéh	arabe francisé		place	31.18464, 29.88282 		https://www.geonames.org/353064	
Malte	français	Malte	place	35.88182, 14.44908 		https://www.geonames.org/2562772	https://www.trismegistos.org/place/1339
Maréotis (lac)			place	31.15306, 29.89861 		https://www.geonames.org/8556346	https://www.trismegistos.org/place/3431
Maritimo	italien	Marettimo (île)	place	37.97002, 12.057 		https://www.geonames.org/2524278	
Marsalla	italien	Marsala	place	37.7992, 12.4367 		https://www.geonames.org/2524245	https://www.trismegistos.org/place/22315
Marseille	français	Marseille	place	43.29695, 5.38107 		https://www.geonames.org/2995469	https://www.trismegistos.org/place/1318
Masallat-firaôun	arabe francisé	aiguilles de Cléopâtre	place	31.20098, 29.89939 		https://www.geonames.org/9094660	
Massarah	arabe francisé		place	29.9022, 31.2894 		https://www.geonames.org/360735	
Méditerranée	français	Méditerranée	place	36.726, 17.996 		https://www.geonames.org/363196	
Méhallet-abou-Aly	arabe francisé	Mahallat Abou Ali	place	31.09474, 30.69539 		https://www.geonames.org/353146	
Mêhallet-Malèg	arabe francisé	Mahalah Malik	place	31.15546, 30.62281 		https://www.geonames.org/353128	
Méhallet-Ssa	arabe francisé	Mahallat Sa	place	30.98495, 30.75117 		https://www.geonames.org/353119	
Memnonium			place				
Memphis	français	Mit-Rahinah	place	29.86667, 31.25 		https://www.geonames.org/352547	https://www.trismegistos.org/place/1344
Méniéh-Ghénagh	arabe francisé	Minyat Ganag	place	31.01424, 30.73501 		https://www.geonames.org/352337	
Meniet-el-Arous	arabe francisé	Manyal-Arous	place	30.2189, 31.02926 		https://www.geonames.org/352844	
Mequias	arabe francisé		place	30.00696, 31.22503 	nilomètre de Roudha.	https://www.geonames.org/7923046	
Miniet-Sâlaméh	arabe francisé	Miniat Salamah	place	31.08695, 30.68832 		https://www.geonames.org/352332	
Mit-Chahaléh	arabe francisé		place		non identifié.		
Mit-Rahinéh	arabe francisé	Mit-Rahinah	place	29.85, 31.25 		https://www.geonames.org/357025	https://www.trismegistos.org/place/1344
Mit-Sâlaméh	arabe francisé	Bani Salamah (?)	place	30.32131, 30.84871 	identification incertaine.	https://www.geonames.org/359190	
Moeris (lac)		Moeris (lac)	place	29.45979, 30.59148 		https://www.geonames.org/350714	https://www.trismegistos.org/place/1384
mont Éryx	français	Éryx (mont)	place	38.03785, 12.58778 		https://www.geonames.org/2524815	
Montélimar	français	Montélimar	place	44.55468, 4.75469 		https://www.geonames.org/2992703	https://www.trismegistos.org/place/21633
Moqattam	arabe francisé	Moqattam	place	30.0217, 31.30326 		https://www.geonames.org/351884	
Morée	français	Péloponnèse	place	37.62728, 22.43958 		https://www.geonames.org/6697807	
musée de Lyon	français		place	45.76685, 4.83355 		https://www.geonames.org/12157066	
Musée du Roi	français	Louvre	place	48.86102, 2.33587 		https://www.geonames.org/2997319	
Musée égyptien de Florence	français	musée de Florence	place	43.77619, 11.26257 		https://www.geonames.org/7602825	
Musée impérial de Vienne	français		place	48.20371, 16.36126 		https://www.geonames.org/6354990	
Nader	arabe francisé	Nadir	place	30.55, 30.85 		https://www.geonames.org/351695	
Naga	arabe francisé		place	16.20808, 33.32565 		https://www.geonames.org/9204033	
Naucratis	français	Naucratis	place	30.9, 30.58333 	l’emplacement de la cité était encore inconnu ; Champollion évoque comme une hypothèse son identification erronée à Sumukhrat.	https://www.geonames.org/347752	https://www.trismegistos.org/place/1424
Navarin	français	Navarin	place	36.93679, 21.6863 		https://www.geonames.org/256643	
Navarino		Navarin	place	36.93679, 21.6863 		https://www.geonames.org/256643	
Nekhléh	arabe francisé	Nikla	place	30.91124, 30.75882 	identification incertaine.	https://www.geonames.org/351039	
Nil	français	Nil	place	30.16196, 31.14946 		https://www.geonames.org/351036	https://www.trismegistos.org/place/3943
Nubie	français	Nubie	place	20,32		https://www.geonames.org/350981	https://www.trismegistos.org/place/11244
obélisques de Cléopâtre	français		place	31.20098, 29.89939 		https://www.geonames.org/9094660	
Orient	français	Orient	place	33.13906, 35.85869 		http://www.geonames.org/6269133	
Ouardân	arabe francisé	Ouardan	place	30.31704, 30.90672 		https://www.geonames.org/346343	https://www.trismegistos.org/place/4191
palais de Saint-Pierre	français		place	45.76685, 4.83355 		https://www.geonames.org/12157066	
Palerme	français	Palerme	place	38.11572, 13.36143 		https://www.geonames.org/6542127	https://www.trismegistos.org/place/22276
Paris	français	Paris	place	48.86, 2.34444 		https://www.geonames.org/6455259	https://www.trismegistos.org/place/3278
Patras	grec francisé	Patras	place	38.24444, 21.73444 		https://www.geonames.org/255683	
Péloponnèse	français	Péloponnèse	place	37.62728, 22.43958 		https://www.geonames.org/6697807	https://www.trismegistos.org/place/1659
Perse	français	Perse	place	32,53		https://www.geonames.org/130758	https://www.trismegistos.org/place/1704
Pétra			place		non identifié.		
Phare	français		place	31.21353, 29.88559 		https://www.geonames.org/350825	
Philippopoli	italien francisé		place	42.15, 24.75 		https://www.geonames.org/728193	
Piémont	français	Piémont	place	45,8		https://www.geonames.org/3170831	
Port-Vieux	français		place	31.20807, 29.89453 		https://www.geonames.org/8365072	
Porte	français		place	41,29			
Prosopis	grec francisé	Ibchady	place	30.62419, 30.83777 		https://www.geonames.org/355654	https://www.trismegistos.org/place/1923
Provence	français	Provence	place	44,6		https://www.geonames.org/2985246	
Pyramides	français	Pyramides (Gizah)	place	29.97723, 31.13234 		https://www.geonames.org/10278887	
Rahhmaniéh	arabe francisé	Ar-Rahmaniyyah	place	31.10483, 30.64135 		https://www.geonames.org/360150	
Raoudha	arabe francisé		place	30.02255, 31.22598 		https://www.geonames.org/350173	
Rome	français	Rome	place	41.89193, 12.51133 		https://www.geonames.org/3169070	https://www.trismegistos.org/place/2058
Rosette	arabe francisé	Rosette	place	31.39951, 30.41718 		https://www.geonames.org/350203	https://www.trismegistos.org/place/2059
Roumélie	français	Roumélie	place	41.76009, 24.97928 		https://www.geonames.org/727540	
Russie	français	Russie	place	60,100.0		https://www.geonames.org/2017370	
Saïs		Saïs	place	30.96506, 30.76899 		https://www.geonames.org/9781863	https://www.trismegistos.org/place/2072
Sakkara	arabe francisé	Saqqarah	place	29.85, 31.21667 		https://www.geonames.org/349608	https://www.trismegistos.org/place/1344
Sâlmiéh	arabe francisé	As-Salmiyyah	place	31.18246, 30.59483 		https://www.geonames.org/359869	
Saouafé	arabe francisé	Siouph	place		non idenfié.		
Sardaigne	français	Sardaigne	place	40,9		https://www.geonames.org/2523227	https://www.trismegistos.org/place/3310
Schabour	arabe francisé	Chabour	place	30.80283, 30.78085 		https://www.geonames.org/349465	
Schâm	arabe francisé	Syrie	place	35,38		https://www.geonames.org/163843	
Schebschir	arabe francisé	Chabchir	place	30.52777, 30.85907 		https://www.geonames.org/349467	
Schénisséh	arabe francisé		place		non identifié.		
Schobra-el-Khimiéh	arabe francisé	Choubra al-Khaymah	place	30.11585, 31.24555 	le palais de Méhémet Ali, pas le quartier actuel du Caire qui en tire son nom	https://www.geonames.org/9972593	
Schoraféh	arabe francisé		place		non identifié.		
Schôraféh	arabe francisé	Miniat al-Ashraf	place	31.20117, 30.57445 		https://www.geonames.org/352349	
Sélinonte	français	Sélinonte	place	37.58337, 12.82522 		https://www.geonames.org/2523164	https://www.trismegistos.org/place/22286
Senabadéh	arabe francisé	Sanayadah	place	31.18544, 30.54443 	identification incertaine.	https://www.geonames.org/349667	
Sersena	arabe francisé		place		non identifié.		https://www.trismegistos.org/place/59346
Sicile	français	Sicile	place	37.62304, 13.93457 		https://www.geonames.org/2523118	https://www.trismegistos.org/place/2132
Siouph	arabe francisé	Siouph	place		non identifié ; localité du district de Saïs, d’après Hérodote, et lieu de naissance d’Amasis.		
Sorenbaiéh	arabe francisé	Sourounbay	place	31.19227, 30.56978 		https://www.geonames.org/347727	
Soumoukhrat	arabe francisé	Sumukhrat	place	31.14503, 30.6112 		https://www.geonames.org/347752	
Ssa el-Haghar	arabe francisé	Sa al-Hagar	place	30.96124, 30.76802 		https://www.geonames.org/349983	https://www.trismegistos.org/place/2072
Suède	français	Suède	place	62,15		https://www.geonames.org/2661886	https://www.trismegistos.org/place/20271
Sultan-Hassan (mosquée)	arabe francisé	Sultan Hassan (mosquée)	place	30.03201, 31.25645 		https://www.geonames.org/7913951	
Syrie	français	Syrie	place	35,38		https://www.geonames.org/163843	https://www.trismegistos.org/place/2211
Tain-l’Hermitage	français	Tain-l’Hermitage	place	45.06672, 4.8559 		https://www.geonames.org/2973531	https://www.trismegistos.org/place/21030
Taphosiris	grec francisé	Abousir	place	30.94545, 29.51891 		https://www.geonames.org/9781955	https://www.trismegistos.org/place/2260
Taposiris	grec francisé	Abousir	place	30.94545, 29.51891 		https://www.geonames.org/9781955	https://www.trismegistos.org/place/2260
Tarse	français	Tarse	place	36.91766, 34.89277 		https://www.geonames.org/299817	https://www.trismegistos.org/place/2269
Tartare			place				
Thannasch	arabe francisé	Tannach	place	30.12679, 31.19703 		https://www.geonames.org/7926614	
Thanoub	arabe francisé	Tounoub	place	30.68935, 30.80042 		https://www.geonames.org/347197	
Thanth	arabe francisé	Tanta	place	30.78847, 31.00192 		https://www.geonames.org/347497	https://www.trismegistos.org/place/3075
Thèbes	français	Thèbes	place	25.7, 32.68333 		https://www.geonames.org/347342	https://www.trismegistos.org/place/1341
Therranêh	arabe francisé	At-Taranah	place	30.43518, 30.83722 		https://www.geonames.org/359700	
Thorrah	arabe francisé	Tourah	place	29.93333, 31.28333 		https://www.geonames.org/347192	https://www.trismegistos.org/place/2480
Thouloun (mosquée)	arabe francisé	Ibn Touloun (mosquée)	place	30.02874, 31.24963 		https://www.geonames.org/7922805	
Toscane	français	Toscane	place	43.41667, 11 		https://www.geonames.org/3165361	
Toulon	français	Toulon	place	43.125, 5.93056 		https://www.geonames.org/6612862	https://www.trismegistos.org/place/21742
Trapani	français	Trapani	place	38.01604, 12.54443 		https://www.geonames.org/6542155	https://www.trismegistos.org/place/22351
Turin	français	Turin	place	45.07049, 7.68682 		https://www.geonames.org/3165524	https://www.trismegistos.org/place/19897
Valence	français	Valence	place	44.9256, 4.90956 		https://www.geonames.org/2971053	https://www.trismegistos.org/place/21444
Vieux-Caire			place	30.00737, 31.23927 		https://www.geonames.org/352261	https://www.trismegistos.org/place/389
Zaïat	arabe francisé	Kafr az-Zayat	place	30.8248, 30.81805 		https://www.geonames.org/354365	
Zaouïet-el-Baglé	arabe francisé	Zaouyet al-Baqly	place	30.6231, 30.80501 		https://www.geonames.org/346108	
Zaouïet-Rézin	arabe francisé	Zaouyet Razin	place	30.41248, 30.85316 		https://www.geonames.org/346076	
Ναυκρατίς	grec	Naucratis	place	30.9, 30.58333 		https://www.geonames.org/347752	https://www.trismegistos.org/place/1424
Σιούφ	grec	Siouph	place		non identifié.		
Χερεῦ	grec	Kerioun	place		non identifié.		
ⲑⲉⲣⲉⲛⲟⲩϯ	copte	At-Taranah	place	30.43518, 30.83722 		https://www.geonames.org/359700	
ⲗⲁⲕⲁⲛ	copte	Alqam	place	30.55162, 30.81112 		https://www.geonames.org/360619	
ⲙⲉⲗⲁϫ	copte	Mahalah Malik	place	31.15546, 30.62281 		https://www.geonames.org/353128	
ⲡϣⲁϯ	copte	Ibchady	place	30.62419, 30.83777 		https://www.geonames.org/355654	
ⲧⲁⲛⲧⲁⲑⲟ	copte	Tanta	place	30.78847, 31.00192 		https://www.geonames.org/347497	
ⲧⲉⲣⲉⲛⲟⲩⲧⲉ	copte	At-Taranah	place	30.43518, 30.83722 		https://www.geonames.org/359700	
ⲯⲁⲣⲥⲓⲛⲉ	copte	Sersena	place		non identifié.		
ϩⲁϩϣⲏⲓ	copte	Ibiar	place	30.83844, 30.86376 		https://www.geonames.org/361886	
ϫⲁⲡⲁⲥⲉⲛ	copte	Kom Chabbas	place	31.19621, 30.65359 		https://www.geonames.org/349474	
ϭⲙⲟⲩⲙ	copte	Achmoun	place	30.29735, 30.97641 		https://www.geonames.org/360048	
ϯⲙⲓϣⲗⲏ	copte	Dimichli	place	30.52257, 30.83356 		https://www.geonames.org/358157	
ابشادى	arabe	Ibchady	place	30.62419, 30.83777 		https://www.geonames.org/355654	
ابونشابه	arabe	Abou Nichabah	place	30.37087, 30.8561 	omission des points du tāʾ marbūṭa.	https://www.geonames.org/362302	
ابيار	arabe	Ibiar	place	30.83844, 30.86376 		https://www.geonames.org/361886	
اشمون	arabe	Achmoun	place	30.29735, 30.97641 		https://www.geonames.org/360048	
الزعيلة	arabe	Az-Zaylah	place		le manuscrit porte la graphie الرعيله  Az-Zaʿylah qui semble être corrigée en الرعيره Az-Zaʿyrah, sans les point du zayn (https://gallica.bnf.fr/ark:/12148/btv1b100938350/f192), rétablis à l'impression. Localité entre Chabour et Tanoub.non identifiée 		
الصافه	arabe	As-Safiyyah	place	31.06584, 30.72774 	omission des points du tāʾ marbūṭa.	https://www.geonames.org/359897	
الضاهريه	arabe	Ad-Dahariyyah	place	30.85159, 30.76699 	omission des points du tāʾ marbūṭa.	https://www.geonames.org/361860	
القطاه	arabe	El-Qata	place	30.22232, 30.97225 	omission des points du tāʾ marbūṭa.	https://www.geonames.org/360571	
المنيه جناج	arabe	Minyat Ganag	place	31.01424, 30.73501 	omission des points du tāʾ marbūṭa.	https://www.geonames.org/352337	
امبابه	arabe	Imbabah	place	30.08333, 31.21667 	omission des points du tāʾ marbūṭa.	https://www.geonames.org/355548	
بدرشين	arabe	Badrachayn	place	29.85, 31.26667 		https://www.geonames.org/361473	
بطن البقره	arabe	Bathn-el-Baqarah	place		omission des points du tāʾ marbūṭa.		
بنوفار	arabe	Binoufar	place	30.82961, 30.78521 		https://www.geonames.org/358802	
بولاق	arabe	Boulaq	place	30.06041, 31.23147 		https://www.geonames.org/358683	
جزايه	arabe	Gizay	place	30.46293, 30.84773 	omission des points du tāʾ marbūṭa.	https://www.geonames.org/355015	
جناج	arabe	Ganag	place	30.99904, 30.77679 		https://www.geonames.org/355189	
جنان	arabe	Ganag	place	30.99904, 30.77679 	forme donnée par la Commission d’Égypte et jugée erronnée par Champollion.	https://www.geonames.org/355189	
جيزه	arabe	Gizah	place	30.00944, 31.20861 	omission des points du tāʾ marbūṭa.	https://www.geonames.org/360995	https://www.trismegistos.org/place/716
حبل طرّاه	arabe	Tourah	place	29.93333, 31.28333 	omission des points du tāʾ marbūṭa et du ǧīm ; la chaddah ne se retrouve pas sur les autres formes connues	https://www.geonames.org/347192	
دسوق	arabe	Dasouq	place	31.13259, 30.64784 		https://www.geonames.org/358108	
دميشلى	arabe	Dimichli	place	30.52257, 30.83356 	omission des points souscrits du yāʾ.	https://www.geonames.org/358157	
دميلط	arabe	Damiette	place	31.41648, 31.81332 		https://www.geonames.org/358048	
دنسّور	arabe	Danassour	place	30.60707, 30.81904 		https://www.geonames.org/358427	
دير التّين	arabe	Deir at-Tin	place	29.98333, 31.23333 		https://www.geonames.org/358277	
زاوية البغلى	arabe	Zaouyet al-Baqly	place	30.6231, 30.80501 	le qaf a été erronément remplacé par un ġayn à la composition du texte (https://gallica.bnf.fr/ark:/12148/btv1b100938350/f192).	https://www.geonames.org/346108	
زاويه رزن	arabe	Zaouyet Razin	place	30.41248, 30.85316 	omission des points du tāʾ marbūṭa.	https://www.geonames.org/346076	
سالميه	arabe	As-Salmiyyah	place	31.18246, 30.59483 		https://www.geonames.org/359869	
سرسنى	arabe	Sersena	place		non identifié.		
سرنباى	arabe	Sourounbay	place	31.19227, 30.56978 		https://www.geonames.org/347727	
سناباده	arabe	Sanayadah	place	31.18544, 30.54443 	identification incertaine ; omission des points du tāʾ marbūṭa.	https://www.geonames.org/349667	
شام	arabe	Syrie	place	35,38		https://www.geonames.org/163843	
شبرى الحيمه	arabe	Choubra al-Khaymah	place	30.11585, 31.24555 		https://www.geonames.org/9972593	
شبشير	arabe	Chabchir	place	30.52777, 30.85907 		https://www.geonames.org/349467	
شبور	arabe	Chabour	place	30.80283, 30.78085 		https://www.geonames.org/349465	
شرافه	arabe	Miniat al-Ashraf	place	31.20117, 30.57445 	omission des points du tāʾ marbūṭa.	https://www.geonames.org/352349	
شنيسه	arabe	Schénisséh	place		omission des points du tāʾ marbūṭa ; non identifié.		
صا الخحّار	arabe	Sa al-Hagar	place	30.96124, 30.76802 		https://www.geonames.org/349983	
صُموخرات	arabe	Sumukhrat	place	31.14503, 30.6112 		https://www.geonames.org/347752	
صُموُكّرات	arabe	Sumukhrat	place	31.14503, 30.6112 		https://www.geonames.org/347752	
طرّانه	arabe	At-Taranah	place	30.43518, 30.83722 	omission des points du tāʾ marbūṭa.	https://www.geonames.org/359700	
طنّاش	arabe	Tannach	place	30.12679, 31.19703 		https://www.geonames.org/7926614	
طنط	arabe	Tanta	place	30.78847, 31.00192 		https://www.geonames.org/347497	
طورّه	arabe	Tourah	place	29.93333, 31.28333 	omission des points du tāʾ marbūṭa ; Champollion lui-même donne ailleurs طرّاه.	https://www.geonames.org/347192	
علقام	arabe	Alqam	place	30.55162, 30.81112 		https://www.geonames.org/360619	
غودابي	arabe	Ghouddaby (?)	place		non identifié.		
فوه	arabe	Fouah	place	31.20365, 30.54908 	omission des points du tāʾ marbūṭa.	https://www.geonames.org/356806	
قبريظ	arabe	Qabrit	place	31.20211, 30.58573 		https://www.geonames.org/350849	
كفردوار	arabe	Kafr ad-Douar	place	31.00172, 30.75797 		https://www.geonames.org/354776	
كفرزيات	arabe	Kafr az-Zayat	place	30.8248, 30.81805 		https://www.geonames.org/354365	
كفرشايخ حسن	arabe	Kafr Chaykh Hassan	place	31.1571, 30.61201 		https://www.geonames.org/354486	
كورات	arabe	Sumukhrat	place	31.14503, 30.6112 	forme donnée par la Commission d’Égypte, jugée fautive par Champollion	https://www.geonames.org/347752	
كوم شبّاس	arabe	Kom Chabbas	place	31.19621, 30.65359 		https://www.geonames.org/349474	
لويه	arabe	Al-Lawiyyah	place	31.1695, 30.59856 	omission des points du tāʾ marbūṭa.	https://www.geonames.org/357852	
مجار دّمياط	arabe		place		branche nilotique de Damiette.		
محلّة صا	arabe	Mahallat Sa	place	30.98495, 30.75117 		https://www.geonames.org/353119	
محلّت ابو على	arabe	Mahallat Abou Ali	place	31.09474, 30.69539 		https://www.geonames.org/353146	
منيل الهروس	arabe	Manyal-Arous	place	30.2189, 31.02926 		https://www.geonames.org/352844	
منيه سلامه	arabe	Miniat Salamah	place	31.08695, 30.68832 	omission des points du tāʾ marbūṭa.	https://www.geonames.org/352332	
مهلّت ملج	arabe	Mahalah Malik	place	31.15546, 30.62281 		https://www.geonames.org/353128	
ميت سلامه	arabe	Bani Salamah (?)	place	30.32131, 30.84871 	omission des points du tāʾ marbūṭa.	https://www.geonames.org/359190	
ميت شهاله	arabe	Mit-Chahaléh	place		omission des points du tāʾ marbūṭa ; non identifié.		
نادر	arabe	Nadir	place	30.55, 30.85 		https://www.geonames.org/351695	
نخله	arabe	Nikla	place	30.91124, 30.75882 	identification incertaine : la transcription Nekhleh de Champollion ne correspond guère au toponyme actuel.	https://www.geonames.org/351039	
واردان	arabe	Ouardan	place	30.31704, 30.90672 		https://www.geonames.org/346343	
